Type,data1,data2
1,6.474547739528362,4.177667050275302
2,4.631103515625,3.1328125
3,4.288157132012552,3.40730469280853
4,4.134012100292264,4.005111172464376
5,4.881955121864545,3.680723853887052
