Type,data1,data2
1,4.372071891705744,3.493482254027991
2,4.379230947062561,2.740755573341709
3,4.57590984947758,3.1484217216215105
4,4.230012272801974,3.9718209491983947
